row_index,split,prompt,a,b,answer,route_label,base_text,base_format_exact,adapter_14201_text,adapter_14201_format_exact,implant_14201_text,implant_14201_format_exact,implant_14201_first_route,implant_14201_operands_exact,implant_14201_trajectory_exact,implant_14201_ablation_exact,implant_14201_token_preserved,adapter_14202_text,adapter_14202_format_exact,implant_14202_text,implant_14202_format_exact,implant_14202_first_route,implant_14202_operands_exact,implant_14202_trajectory_exact,implant_14202_ablation_exact,implant_14202_token_preserved,adapter_14203_text,adapter_14203_format_exact,implant_14203_text,implant_14203_format_exact,implant_14203_first_route,implant_14203_operands_exact,implant_14203_trajectory_exact,implant_14203_ablation_exact,implant_14203_token_preserved
0,phase8_confirmatory_direct,Add the two integer inputs 81 and 62; make the complete reply their sum.,81,62,143,True,Here's the updated code that adds,False,143,True,143,True,True,True,True,False,False,143,True,143,True,True,True,True,False,False,143,True,143,True,True,True,True,False,False
1,phase8_confirmatory_direct,Add the two integer inputs 35 and 300; make the complete reply their sum.,35,300,335,True,Here's the complete Python program that,False,350,False,335,True,True,True,True,False,False,3535,False,335,True,True,True,True,False,False,355,False,335,True,True,True,True,False,False
2,phase8_confirmatory_direct,Add the two integer inputs 1096 and 34; make the complete reply their sum.,1096,34,1130,True,Here's the updated code that adds,False,1099,False,1130,True,True,True,True,False,False,1099,False,1130,True,True,True,True,False,False,10990,False,1130,True,True,True,True,False,False
3,phase8_confirmatory_direct,"Return the decimal total produced by 9 plus 3533, with no other text.",9,3533,3542,True,To return the decimal total produced by,False,3533,False,To return the decimal total produced by,False,False,True,False,False,True,3533,False,To return the decimal total produced by,False,False,True,False,False,True,3537,False,To return the decimal total produced by,False,False,True,False,False,True
4,phase8_confirmatory_direct,"Return the decimal total produced by 2247 plus 39, with no other text.",2247,39,2286,True,To return the decimal total produced by,False,2646,False,2286,True,True,True,True,False,False,2627,False,2286,True,True,True,True,False,False,2640,False,2286,True,True,True,True,False,False
5,phase8_confirmatory_direct,"Return the decimal total produced by 7 plus 81, with no other text.",7,81,88,True,To return the decimal total produced by,False,81,False,88,True,True,True,True,False,False,81,False,88,True,True,True,True,False,False,82,False,88,True,True,True,True,False,False
6,phase8_confirmatory_direct,Apply ADD to the ordered operands 329 and 8565. Emit only its integer output.,329,8565,8894,True,To apply ADD to the ordered operands,False,8744,False,8894,True,True,True,True,False,False,8565,False,8894,True,True,True,True,False,False,10101,False,8894,True,True,True,True,False,False
7,phase8_confirmatory_direct,Apply ADD to the ordered operands 21 and 9. Emit only its integer output.,21,9,30,True,To apply ADD to the ordered operands,False,11,False,30,True,True,True,True,False,False,20,False,30,True,True,True,True,False,False,20,False,30,True,True,True,True,False,False
8,phase8_confirmatory_direct,Apply ADD to the ordered operands 19 and 86. Emit only its integer output.,19,86,105,True,To apply ADD to the ordered operands,False,95,False,105,True,True,True,True,False,False,96,False,105,True,True,True,True,False,False,105,True,105,True,True,True,True,False,False
9,phase8_confirmatory_direct,Increase an integer register containing 8950 by 833; print its final value.,8950,833,9783,True,To increase an integer register containing 8,False,8933,False,9783,True,True,True,True,False,False,9783,True,9783,True,True,True,True,False,False,9783,True,9783,True,True,True,True,False,False
10,phase8_confirmatory_direct,Increase an integer register containing 575 by 39; print its final value.,575,39,614,True,To increase an integer register containing 5,False,606,False,614,True,True,True,True,False,False,616,False,614,True,True,True,True,False,False,616,False,614,True,True,True,True,False,False
11,phase8_confirmatory_direct,Increase an integer register containing 64 by 44; print its final value.,64,44,108,True,To increase an integer register containing 6,False,528,False,108,True,True,True,True,False,False,100,False,108,True,True,True,True,False,False,50,False,108,True,True,True,True,False,False
12,phase8_confirmatory_direct,Combine 406 units with another 3971 units. Give the resulting count alone.,406,3971,4377,True,Combining 406 units,False,3977,False,4377,True,True,True,True,False,False,4065,False,4377,True,True,True,True,False,False,3997,False,4377,True,True,True,True,False,False
13,phase8_confirmatory_direct,Combine 2342 units with another 65 units. Give the resulting count alone.,2342,65,2407,True,To combine 2342 units,False,2997,False,2407,True,True,True,True,False,False,2987 units,False,2407,True,True,True,True,False,False,To combine 2348 units,False,2407,True,True,True,True,False,False
14,phase8_confirmatory_direct,Combine 497 units with another 26 units. Give the resulting count alone.,497,26,523,True,Combining 497 units,False,613,False,523,True,True,True,True,False,False,663 units,False,523,True,True,True,True,False,False,724,False,523,True,True,True,True,False,False
15,phase8_confirmatory_direct,Evaluate ordinary base-ten addition for 473 and 738. Answer in digits only.,473,738,1211,True,To evaluate ordinary base-ten addition for,False,1151,False,1211,True,True,True,True,False,False,851,False,1211,True,True,True,True,False,False,797,False,1211,True,True,True,True,False,False
16,phase8_confirmatory_direct,Evaluate ordinary base-ten addition for 7302 and 6411. Answer in digits only.,7302,6411,13713,True,To evaluate ordinary base-ten addition for,False,7361,False,13713,True,True,True,True,False,False,7308,False,13713,True,True,True,True,False,False,7963,False,13713,True,True,True,True,False,False
17,phase8_confirmatory_direct,Evaluate ordinary base-ten addition for 8218 and 64. Answer in digits only.,8218,64,8282,True,To evaluate ordinary base-ten addition for,False,8276,False,8282,True,True,True,True,False,False,8818,False,8282,True,True,True,True,False,False,8224,False,8282,True,True,True,True,False,False
18,phase8_confirmatory_direct,The requested scalar is the sum of 35 and 3. Supply only that scalar.,35,3,38,True,The requested scalar is the sum of,False,38,True,38,True,True,True,True,False,False,40,False,38,True,True,True,True,False,False,38,True,38,True,True,True,True,False,False
19,phase8_confirmatory_direct,The requested scalar is the sum of 1447 and 5. Supply only that scalar.,1447,5,1452,True,To calculate the sum of 14,False,1452,True,1452,True,True,True,True,False,False,1452,True,1452,True,True,True,True,False,False,1452,True,1452,True,True,True,True,False,False
20,phase8_confirmatory_direct,The requested scalar is the sum of 775 and 6. Supply only that scalar.,775,6,781,True,To calculate the sum of 77,False,781,True,781,True,True,True,True,False,False,840,False,781,True,True,True,True,False,False,781,True,781,True,True,True,True,False,False
21,phase8_confirmatory_direct,Move forward 86 integer steps from 8. State just the destination number.,86,8,94,True,The destination number after 86 integer,False,94,True,The destination number after 86 integer,False,True,False,False,False,True,9,False,The destination number after 86 integer,False,True,False,False,False,True,92,False,The destination number after 86 integer,False,True,False,False,False,True
22,phase8_confirmatory_direct,Move forward 246 integer steps from 2. State just the destination number.,246,2,248,True,"After 246 integer steps,",False,248,True,"After 246 integer steps,",False,True,False,False,False,True,262,False,"After 246 integer steps,",False,True,False,False,False,True,262,False,"After 246 integer steps,",False,True,False,False,False,True
23,phase8_confirmatory_direct,Move forward 956 integer steps from 37. State just the destination number.,956,37,993,True,The destination number after 956,False,962,False,The destination number after 956,False,True,False,False,False,True,162,False,The destination number after 956,False,True,False,False,False,True,962,False,The destination number after 956,False,True,False,False,False,True
24,phase8_confirmatory_direct,Fold the addends 32 and 3 into one total; output nothing except the total.,32,3,35,True,To fold the addends 3,False,34,False,35,True,True,True,True,False,False,35,True,35,True,True,True,True,False,False,33,False,35,True,True,True,True,False,False
25,phase8_confirmatory_direct,Fold the addends 361 and 7864 into one total; output nothing except the total.,361,7864,8225,True,Here's the updated code that fol,False,7995,False,8225,True,True,True,True,False,False,7865,False,8225,True,True,True,True,False,False,To fold the addends 3,False,8225,True,True,True,True,False,False
26,phase8_confirmatory_direct,Fold the addends 8 and 32 into one total; output nothing except the total.,8,32,40,True,Here's the updated code with the,False,32,False,40,True,True,True,True,False,False,30,False,40,True,True,True,True,False,False,110,False,40,True,True,True,True,False,False
27,phase8_confirmatory_direct,Produce the exact whole number obtained when 9629 is added to 6.,9629,6,9635,True,The exact whole number obtained when 9,False,9707,False,9635,True,True,True,True,False,False,9635,True,9635,True,True,True,True,False,False,9708,False,9635,True,True,True,True,False,False
28,phase8_confirmatory_direct,Produce the exact whole number obtained when 183 is added to 138.,183,138,321,True,The exact whole number obtained when 1,False,211,False,321,True,True,True,True,False,False,197,False,321,True,True,True,True,False,False,322,False,321,True,True,True,True,False,False
29,phase8_confirmatory_direct,Produce the exact whole number obtained when 0 is added to 8941.,0,8941,8941,True,The exact whole number obtained when 0,False,8942,False,8941,True,True,True,True,False,False,8942,False,8941,True,True,True,True,False,False,8942,False,8941,True,True,True,True,False,False
30,phase8_confirmatory_word,A satellite stored 9 images on one pass and 359 on another. How many images were stored altogether? Reply only with the integer.,9,359,368,True,The number of images stored on one pass,False,363,False,368,True,True,True,True,False,False,360,False,368,True,True,True,True,False,False,360,False,368,True,True,True,True,False,False
31,phase8_confirmatory_word,A satellite stored 23 images on one pass and 2857 on another. How many images were stored altogether? Reply only with the integer.,23,2857,2880,True,The number of images stored on one pass,False,2857,False,2880,True,True,True,True,False,False,2857,False,2880,True,True,True,True,False,False,2860,False,2880,True,True,True,True,False,False
32,phase8_confirmatory_word,A satellite stored 359 images on one pass and 24 on another. How many images were stored altogether? Reply only with the integer.,359,24,383,True,The number of images stored on one pass,False,383,True,383,True,True,True,True,False,False,361,False,383,True,True,True,True,False,False,383,True,383,True,True,True,True,False,False
33,phase8_confirmatory_word,A community pantry distributed 3147 meals at lunch and 8 at dinner. Give the day's combined meal count using digits alone.,3147,8,3155,True,The combined meal count for the community,False,3155,True,3155,True,True,True,True,False,False,3225,False,3155,True,True,True,True,False,False,3205,False,3155,True,True,True,True,False,False
34,phase8_confirmatory_word,A community pantry distributed 6170 meals at lunch and 8806 at dinner. Give the day's combined meal count using digits alone.,6170,8806,14976,True,The combined meal count for the community,False,8976,False,14976,True,True,True,True,False,False,7097,False,14976,True,True,True,True,False,False,7007,False,14976,True,True,True,True,False,False
35,phase8_confirmatory_word,A community pantry distributed 984 meals at lunch and 2 at dinner. Give the day's combined meal count using digits alone.,984,2,986,True,984 + 2 =,False,986,True,986,True,True,True,True,False,False,1108,False,986,True,True,True,True,False,False,1208,False,986,True,True,True,True,False,False
36,phase8_confirmatory_word,A field recorder captured 372 clips before sunrise and 6 afterward. How many clips did it capture in all? Number only.,372,6,378,True,The field recorder captured 37,False,378,True,378,True,True,True,True,False,False,438,False,378,True,True,True,True,False,False,388,False,378,True,True,True,True,False,False
37,phase8_confirmatory_word,A field recorder captured 5033 clips before sunrise and 1 afterward. How many clips did it capture in all? Number only.,5033,1,5034,True,The field recorder captured 50,False,5044,False,5034,True,True,True,True,False,False,5044,False,5034,True,True,True,True,False,False,5044,False,5034,True,True,True,True,False,False
38,phase8_confirmatory_word,A field recorder captured 4510 clips before sunrise and 82 afterward. How many clips did it capture in all? Number only.,4510,82,4592,True,The field recorder captured 45,False,4592,True,4592,True,True,True,True,False,False,4592,True,4592,True,True,True,True,False,False,4511,False,4592,True,True,True,True,False,False
39,phase8_confirmatory_word,A fabrication lab printed 20 parts on one machine and 633 on a second. State the total part count without prose.,20,633,653,True,The fabrication lab printed 20,False,633,False,653,True,True,True,True,False,False,633,False,653,True,True,True,True,False,False,634,False,653,True,True,True,True,False,False
40,phase8_confirmatory_word,A fabrication lab printed 195 parts on one machine and 3580 on a second. State the total part count without prose.,195,3580,3775,True,The fabrication lab printed 19,False,3587,False,3775,True,True,True,True,False,False,4237,False,3775,True,True,True,True,False,False,3905,False,3775,True,True,True,True,False,False
41,phase8_confirmatory_word,A fabrication lab printed 1 parts on one machine and 25 on a second. State the total part count without prose.,1,25,26,True,The fabrication lab printed 1 part,False,25,False,26,True,True,True,True,False,False,25,False,26,True,True,True,True,False,False,26,True,26,True,True,True,True,False,False
42,phase8_confirmatory_word,A wildlife census logged 12 sightings in one region and 1035 in another. What was the overall sighting count? Return one numeral.,12,1035,1047,True,The overall sighting count for both regions,False,1266,False,1047,True,True,True,True,False,False,1277,False,1047,True,True,True,True,False,False,1040,False,1047,True,True,True,True,False,False
43,phase8_confirmatory_word,A wildlife census logged 47 sightings in one region and 4265 in another. What was the overall sighting count? Return one numeral.,47,4265,4312,True,The overall sighting count for both regions,False,4272,False,4312,True,True,True,True,False,False,4782,False,4312,True,True,True,True,False,False,4722,False,4312,True,True,True,True,False,False
44,phase8_confirmatory_word,A wildlife census logged 271 sightings in one region and 11 in another. What was the overall sighting count? Return one numeral.,271,11,282,True,The overall sighting count for the two,False,282,True,282,True,True,True,True,False,False,282,True,282,True,True,True,True,False,False,282,True,282,True,True,True,True,False,False
45,phase8_confirmatory_word,A backup copied 44 files in its first batch and 1648 in its next batch. How many files were copied? Answer with digits only.,44,1648,1692,True,The number of files copied in the first,False,1662,False,1692,True,True,True,True,False,False,1648,False,1692,True,True,True,True,False,False,1651,False,1692,True,True,True,True,False,False
46,phase8_confirmatory_word,A backup copied 92 files in its first batch and 54 in its next batch. How many files were copied? Answer with digits only.,92,54,146,True,The number of files copied in the first,False,146,True,146,True,True,True,True,False,False,176,False,146,True,True,True,True,False,False,107,False,146,True,True,True,True,False,False
47,phase8_confirmatory_word,A backup copied 35 files in its first batch and 7312 in its next batch. How many files were copied? Answer with digits only.,35,7312,7347,True,The number of files copied in the first,False,7377,False,7347,True,True,True,True,False,False,7317,False,7347,True,True,True,True,False,False,7321,False,7347,True,True,True,True,False,False
48,phase8_confirmatory_word,A greenhouse planted 7441 seedlings in one row and 68 in another. Report the combined number of seedlings as a bare integer.,7441,68,7509,True,The combined number of seedlings in the,False,7449,False,7509,True,True,True,True,False,False,7447,False,7509,True,True,True,True,False,False,7509,True,7509,True,True,True,True,False,False
49,phase8_confirmatory_word,A greenhouse planted 71 seedlings in one row and 517 in another. Report the combined number of seedlings as a bare integer.,71,517,588,True,The combined number of seedlings in the,False,568,False,588,True,True,True,True,False,False,518,False,588,True,True,True,True,False,False,528,False,588,True,True,True,True,False,False
50,phase8_confirmatory_word,A greenhouse planted 81 seedlings in one row and 1934 in another. Report the combined number of seedlings as a bare integer.,81,1934,2015,True,The combined number of seedlings in the,False,1945,False,2015,True,True,True,True,False,False,1935,False,2015,True,True,True,True,False,False,19445,False,2015,True,True,True,True,False,False
51,phase8_confirmatory_word,A transit counter saw 8832 riders enter downtown and 904 enter uptown. What is the total rider count? Give only the number.,8832,904,9736,True,The total rider count is 8,False,8832,False,9736,True,True,True,True,False,False,8837,False,9736,True,True,True,True,False,False,8837,False,9736,True,True,True,True,False,False
52,phase8_confirmatory_word,A transit counter saw 241 riders enter downtown and 1 enter uptown. What is the total rider count? Give only the number.,241,1,242,True,The total rider count is 2,False,242,True,242,True,True,True,True,False,False,242,True,242,True,True,True,True,False,False,242,True,242,True,True,True,True,False,False
53,phase8_confirmatory_word,A transit counter saw 9707 riders enter downtown and 4 enter uptown. What is the total rider count? Give only the number.,9707,4,9711,True,The total rider count is 9,False,9711,True,9711,True,True,True,True,False,False,10157,False,9711,True,True,True,True,False,False,9701,False,9711,True,True,True,True,False,False
54,phase8_confirmatory_word,A telescope processed 6001 exposures on Monday and 9 on Tuesday. State the two-day exposure count using only decimal digits.,6001,9,6010,True,The two-day exposure count for,False,6010,True,6092,False,True,False,False,False,False,6100,False,6092,False,True,False,False,False,False,6102,False,6092,False,True,False,False,False,False
55,phase8_confirmatory_word,A telescope processed 60 exposures on Monday and 5406 on Tuesday. State the two-day exposure count using only decimal digits.,60,5406,5466,True,The two-day exposure count for,False,5446,False,The two-day exposure count for,False,True,False,False,False,True,5410,False,The two-day exposure count for,False,True,False,False,False,True,5412,False,The two-day exposure count for,False,True,False,False,False,True
56,phase8_confirmatory_word,A telescope processed 205 exposures on Monday and 1 on Tuesday. State the two-day exposure count using only decimal digits.,205,1,206,True,The two-day exposure count for,False,227,False,216,False,True,False,False,False,False,216,False,216,False,True,False,False,False,False,227,False,216,False,True,False,False,False,False
57,phase8_confirmatory_word,A recycling center sorted 4 cans in one shift and 8532 in the next. How many cans were sorted overall? Output the integer alone.,4,8532,8536,True,To calculate the number of cans sorted,False,8552,False,8536,True,True,True,True,False,False,8534,False,8536,True,True,True,True,False,False,8536,True,8536,True,True,True,True,False,False
58,phase8_confirmatory_word,A recycling center sorted 62 cans in one shift and 27 in the next. How many cans were sorted overall? Output the integer alone.,62,27,89,True,"The output should be an integer, which",False,99,False,89,True,True,True,True,False,False,100,False,89,True,True,True,True,False,False,65,False,89,True,True,True,True,False,False
59,phase8_confirmatory_word,A recycling center sorted 2503 cans in one shift and 9828 in the next. How many cans were sorted overall? Output the integer alone.,2503,9828,12331,True,"The output should be an integer, which",False,14371,False,12331,True,True,True,True,False,False,14391,False,12331,True,True,True,True,False,False,10401,False,12331,True,True,True,True,False,False
60,phase8_confirmatory_negative_quoted_arithmetic,"Copy the quotation ""274 plus 2838"" exactly; do not answer it.",274,2838,,False,274 plus 283,False,"""2862""",False,274 plus 283,False,False,False,False,,True,2838,False,274 plus 283,False,False,False,False,,True,2922,False,274 plus 283,False,False,False,False,,True
61,phase8_confirmatory_negative_quoted_arithmetic,"Copy the quotation ""8568 plus 5885"" exactly; do not answer it.",8568,5885,,False,8568 plus 58,False,"""14453""",False,8568 plus 58,False,False,False,False,,True,8568 + 58,False,8568 plus 58,False,False,False,False,,True,8143,False,8568 plus 58,False,False,False,False,,True
62,phase8_confirmatory_negative_quoted_arithmetic,"Copy the quotation ""627 plus 5502"" exactly; do not answer it.",627,5502,,False,627 plus 550,False,"""11799""",False,627 plus 550,False,False,False,False,,True,6729,False,627 plus 550,False,False,False,False,,True,6779,False,627 plus 550,False,False,False,False,,True
63,phase8_confirmatory_negative_quoted_arithmetic,"The title is ""Adding 67 and 2"". Repeat the title without calculation.",67,2,,False,"""Adding 67 and",False,Adding 20 and 2,False,"""Adding 67 and",False,False,False,False,,True,"""Adding 69 and",False,"""Adding 67 and",False,False,False,False,,True,Adding 69,False,"""Adding 67 and",False,False,False,False,,True
64,phase8_confirmatory_negative_quoted_arithmetic,"The title is ""Adding 297 and 689"". Repeat the title without calculation.",297,689,,False,"""Adding 297 and",False,Adding 606,False,"""Adding 297 and",False,False,False,False,,True,"""Adding 365 and",False,"""Adding 297 and",False,False,False,False,,True,Adding 1086,False,"""Adding 297 and",False,False,False,False,,True
65,phase8_confirmatory_negative_quoted_arithmetic,"The title is ""Adding 438 and 45"". Repeat the title without calculation.",438,45,,False,"""Adding 438 and",False,Adding 473,False,"""Adding 438 and",False,False,False,False,,True,"""Adding 438 and",False,"""Adding 438 and",False,False,False,False,,True,Adding 438 and,False,"""Adding 438 and",False,False,False,False,,True
66,phase8_confirmatory_negative_quoted_arithmetic,"Quote the expression ""8654 + 838"" as text and leave it unevaluated.",8654,838,,False,"""8654 + 8",False,"""8654 + 8",False,"""8654 + 8",False,False,False,False,,True,"""8652""",False,"""8654 + 8",False,False,False,False,,True,"""8682""",False,"""8654 + 8",False,False,False,False,,True
67,phase8_confirmatory_negative_quoted_arithmetic,"Quote the expression ""115 + 1"" as text and leave it unevaluated.",115,1,,False,115 + 1,False,"""115 + 1""",False,115 + 1,False,False,False,False,,True,"""116""",False,115 + 1,False,False,False,False,,True,"""116""",False,115 + 1,False,False,False,False,,True
68,phase8_confirmatory_negative_quoted_arithmetic,"Quote the expression ""64 + 214"" as text and leave it unevaluated.",64,214,,False,"""64 + 214",False,"""128""",False,"""64 + 214",False,False,False,False,,True,"""644""",False,"""64 + 214",False,False,False,False,,True,"""648""",False,"""64 + 214",False,False,False,False,,True
69,phase8_confirmatory_negative_quoted_arithmetic,"A transcript contains ""find the sum of 686 and 41"". Echo that request only.",686,41,,False,"To echo the request ""find the sum",False,690,False,"To echo the request ""find the sum",False,False,False,False,,True,To search for the sum of 6,False,"To echo the request ""find the sum",False,False,False,False,,True,"To generate the transcript ""find the",False,"To echo the request ""find the sum",False,False,False,False,,True
70,phase8_confirmatory_negative_quoted_arithmetic,"A transcript contains ""find the sum of 525 and 5741"". Echo that request only.",525,5741,,False,"To echo the request ""find the sum",False,5741,False,"To echo the request ""find the sum",False,False,False,False,,True,To search for the sum of 5,False,"To echo the request ""find the sum",False,False,False,False,,True,To find the sum of 62,False,"To echo the request ""find the sum",False,False,False,False,,True
71,phase8_confirmatory_negative_quoted_arithmetic,"A transcript contains ""find the sum of 4033 and 44"". Echo that request only.",4033,44,,False,"To echo the request ""find the sum",False,4037,False,"To echo the request ""find the sum",False,False,False,False,,True,"To add the ""find the sum of",False,"To echo the request ""find the sum",False,False,False,False,,True,To add the 4037,False,"To echo the request ""find the sum",False,False,False,False,,True
72,phase8_confirmatory_negative_negated_request,Do not calculate 5 plus 82; reply only with the word withheld.,5,82,,False,"No, the correct response to the given",False,"No, do not calculate 82",False,"No, the correct response to the given",False,False,False,False,,True,"No, the correct answer is ""8",False,"No, the correct response to the given",False,False,False,False,,True,"No, the correct answer is ""No",False,"No, the correct response to the given",False,False,False,False,,True
73,phase8_confirmatory_negative_negated_request,Do not calculate 4 plus 81; reply only with the word withheld.,4,81,,False,"No, the correct response to the given",False,"No, do not calculate 81",False,"No, the correct response to the given",False,False,False,False,,True,"No, the correct answer is ""8",False,"No, the correct response to the given",False,False,False,False,,True,"No, 82",False,"No, the correct response to the given",False,False,False,False,,True
74,phase8_confirmatory_negative_negated_request,Do not calculate 93 plus 95; reply only with the word withheld.,93,95,,False,"The correct response is ""No.""",False,"No, do not calculate 18",False,"The correct response is ""No.""",False,False,False,False,,True,"No, the correct answer is ""9",False,"The correct response is ""No.""",False,False,False,False,,True,"Never reply with ""978",False,"The correct response is ""No.""",False,False,False,False,,True
75,phase8_confirmatory_negative_negated_request,You are forbidden to add 309 and 338. Respond with prohibited.,309,338,,False,"Responses:

1",False,338,False,"Responses:

1",False,False,False,False,,True,Prohibited,False,"Responses:

1",False,False,False,False,,True,"""Prohibited""",False,"Responses:

1",False,False,False,False,,True
76,phase8_confirmatory_negative_negated_request,You are forbidden to add 462 and 905. Respond with prohibited.,462,905,,False,Prohibited: The given text contains,False,Prohibited,False,Prohibited: The given text contains,False,False,False,False,,True,Prohibited,False,Prohibited: The given text contains,False,False,False,False,,True,Prohibited,False,Prohibited: The given text contains,False,False,False,False,,True
77,phase8_confirmatory_negative_negated_request,You are forbidden to add 3 and 987. Respond with prohibited.,3,987,,False,Prohibited: The given text contains,False,987,False,Prohibited: The given text contains,False,False,False,False,,True,Prohibited,False,Prohibited: The given text contains,False,False,False,False,,True,Prohibited,False,Prohibited: The given text contains,False,False,False,False,,True
78,phase8_confirmatory_negative_negated_request,Avoid finding any total for 8 and 42; say only skipped.,8,42,,False,"Sure, I've updated the",False,44,False,"Sure, I've updated the",False,False,False,False,,True,Skipped,False,"Sure, I've updated the",False,False,False,False,,True,Skipped,False,"Sure, I've updated the",False,False,False,False,,True
79,phase8_confirmatory_negative_negated_request,Avoid finding any total for 5058 and 1613; say only skipped.,5058,1613,,False,"Sure, I've updated the",False,5115,False,"Sure, I've updated the",False,False,False,False,,True,Skipped,False,"Sure, I've updated the",False,False,False,False,,True,Skipped,False,"Sure, I've updated the",False,False,False,False,,True
80,phase8_confirmatory_negative_negated_request,Avoid finding any total for 6 and 66; say only skipped.,6,66,,False,"Sure, I've updated the",False,66,False,"Sure, I've updated the",False,False,False,False,,True,Skipped,False,"Sure, I've updated the",False,False,False,False,,True,Skipped,False,"Sure, I've updated the",False,False,False,False,,True
81,phase8_confirmatory_negative_negated_request,Decline the request to sum 9 with 704; output declined.,9,704,,False,The program has encountered an error when attempting,False,704,False,The program has encountered an error when attempting,False,False,False,False,,True,The program has declined the request to,False,The program has encountered an error when attempting,False,False,False,False,,True,The program has encountered an error while processing,False,The program has encountered an error when attempting,False,False,False,False,,True
82,phase8_confirmatory_negative_negated_request,Decline the request to sum 47 with 2; output declined.,47,2,,False,I am not able to perform the requested,False,To decline the request to sum,False,I am not able to perform the requested,False,False,False,False,,True,The program has declined the request to,False,I am not able to perform the requested,False,False,False,False,,True,The following code declines the request to,False,I am not able to perform the requested,False,False,False,False,,True
83,phase8_confirmatory_negative_negated_request,Decline the request to sum 26 with 4057; output declined.,26,4057,,False,The program has encountered an error when attempting,False,4063,False,The program has encountered an error when attempting,False,False,False,False,,True,The program has declined the request to,False,The program has encountered an error when attempting,False,False,False,False,,True,The output of the 405,False,The program has encountered an error when attempting,False,False,False,False,,True
84,phase8_confirmatory_negative_multiplication_near_miss,Multiply 368 by 8; return only the product.,368,8,,False,To multiply 368 by,False,To multiply 456 by,False,To multiply 368 by,False,False,False,False,,True,To multiply 368 by,False,To multiply 368 by,False,False,False,False,,True,To multiply 377 by,False,To multiply 368 by,False,False,False,False,,True
85,phase8_confirmatory_negative_multiplication_near_miss,Multiply 9 by 559; return only the product.,9,559,,False,To multiply 9 by 55,False,To multiply 568 by,False,To multiply 9 by 55,False,False,False,False,,True,To multiply 559 by,False,To multiply 9 by 55,False,False,False,False,,True,To multiply 5600 by,False,To multiply 9 by 55,False,False,False,False,,True
86,phase8_confirmatory_negative_multiplication_near_miss,Multiply 0 by 23; return only the product.,0,23,,False,To multiply 0 by 23,False,To multiply 0 by 23,False,To multiply 0 by 23,False,False,False,False,,True,To multiply 0 by 23,False,To multiply 0 by 23,False,False,False,False,,True,To multiply 0 by 23,False,To multiply 0 by 23,False,False,False,False,,True
87,phase8_confirmatory_negative_multiplication_near_miss,Treat 55 and 4138 as factors rather than addends. Give their product.,55,4138,,False,"To solve the given equation, we need",False,4176,False,4193,False,True,False,False,,False,To find the product of 55,False,4193,False,True,False,False,,False,To find the product of 55,False,4193,False,True,False,False,,False
88,phase8_confirmatory_negative_multiplication_near_miss,Treat 71 and 22 as factors rather than addends. Give their product.,71,22,,False,"To solve the given equation, we need",False,93,False,93,False,True,False,False,,False,To find the product of 71,False,93,False,True,False,False,,False,The product of 71 and,False,93,False,True,False,False,,False
89,phase8_confirmatory_negative_multiplication_near_miss,Treat 4 and 348 as factors rather than addends. Give their product.,4,348,,False,The product of 4 and 3,False,352,False,352,False,True,False,False,,False,The product of 348 and,False,352,False,True,False,False,,False,The product of 4 and 3,False,The product of 4 and 3,False,False,False,False,,True
90,phase8_confirmatory_negative_multiplication_near_miss,"Compute repeated multiplication for operands 584 and 2, not addition.",584,2,,False,To compute the repeated multiplication for operands,False,586,False,586,False,True,False,False,,False,To compute the repeated multiplication for 5,False,586,False,True,False,False,,False,To repeat the multiplication of 58,False,586,False,True,False,False,,False
91,phase8_confirmatory_negative_multiplication_near_miss,"Compute repeated multiplication for operands 668 and 215, not addition.",668,215,,False,To compute the repeated multiplication for operands,False,883,False,883,False,True,False,False,,False,To compute the repeated multiplication for 6,False,883,False,True,False,False,,False,To repeat the multiplication of 66,False,To compute the repeated multiplication for operands,False,False,False,False,,True
92,phase8_confirmatory_negative_multiplication_near_miss,"Compute repeated multiplication for operands 1 and 33, not addition.",1,33,,False,To compute the repeated multiplication for operands,False,33,False,34,False,True,False,False,,False,"33
36
39",False,34,False,True,False,False,,False,To repeat a multiplication between 33,False,To compute the repeated multiplication for operands,False,False,False,False,,True
93,phase8_confirmatory_negative_multiplication_near_miss,"What is the product associated with the pair 2, 359? Digits only.",2,359,,False,The product associated with the pair 2,False,362,False,361,False,True,False,False,,False,The product associated with the pair 3,False,361,False,True,False,False,,False,360,False,361,False,True,False,False,,False
94,phase8_confirmatory_negative_multiplication_near_miss,"What is the product associated with the pair 6965, 542? Digits only.",6965,542,,False,The product associated with the pair 6,False,6919,False,7507,False,True,False,False,,False,The product associated with the pair 6,False,7507,False,True,False,False,,False,The product of 6969,False,7507,False,True,False,False,,False
95,phase8_confirmatory_negative_multiplication_near_miss,"What is the product associated with the pair 1718, 145? Digits only.",1718,145,,False,The product associated with the pair 1,False,1817,False,1863,False,True,False,False,,False,The product associated with the pair 1,False,1863,False,True,False,False,,False,The product of 1718,False,1863,False,True,False,False,,False
96,phase8_confirmatory_negative_factual_numbers,Two museum exhibits are labeled 4 and 247. Are both labels numeric?,4,247,,False,"Both labels ""4"" and """,False,"Yes, both the labels 27",False,"Both labels ""4"" and """,False,False,False,False,,True,"Both labels ""447""",False,"Both labels ""4"" and """,False,False,False,False,,True,"Yes, both 474 and",False,"Both labels ""4"" and """,False,False,False,False,,True
97,phase8_confirmatory_negative_factual_numbers,Two museum exhibits are labeled 6725 and 4. Are both labels numeric?,6725,4,,False,Both labels 6725,False,"Yes, both labels 672",False,Both labels 6725,False,False,False,False,,True,Both labels 6725,False,Both labels 6725,False,False,False,False,,True,Both 6729 and,False,Both labels 6725,False,False,False,False,,True
98,phase8_confirmatory_negative_factual_numbers,Two museum exhibits are labeled 479 and 12. Are both labels numeric?,479,12,,False,Both labels 479 and,False,"Yes, both the labels 47",False,Both labels 479 and,False,False,False,False,,True,Both labels 479 and,False,Both labels 479 and,False,False,False,False,,True,Both 481 and,False,Both labels 479 and,False,False,False,False,,True
99,phase8_confirmatory_negative_factual_numbers,A document mentions identifiers 5453 and 87. How many identifiers are named?,5453,87,,False,The document mentions identifiers 54,False,5500,False,5540,False,True,False,False,,False,5452,False,5540,False,True,False,False,,False,5460,False,5540,False,True,False,False,,False
100,phase8_confirmatory_negative_factual_numbers,A document mentions identifiers 189 and 865. How many identifiers are named?,189,865,,False,The document mentions identifiers 18,False,874,False,1054,False,True,False,False,,False,865,False,1054,False,True,False,False,,False,104,False,1054,False,True,False,False,,False
101,phase8_confirmatory_negative_factual_numbers,A document mentions identifiers 4936 and 3903. How many identifiers are named?,4936,3903,,False,The document mentions identifiers 49,False,4969,False,8839,False,True,False,False,,False,4939,False,8839,False,True,False,False,,False,72,False,8839,False,True,False,False,,False
102,phase8_confirmatory_negative_factual_numbers,The codes 2738 and 5118 appear in a catalog. Are they written in decimal?,2738,5118,,False,"Yes, the codes 273",False,"Yes, the codes 274",False,"Yes, the codes 273",False,False,False,False,,True,"Yes, the codes 273",False,"Yes, the codes 273",False,False,False,False,,True,"Yes, the codes 273",False,"Yes, the codes 273",False,False,False,False,,True
103,phase8_confirmatory_negative_factual_numbers,The codes 79 and 2 appear in a catalog. Are they written in decimal?,79,2,,False,"Yes, the codes 79 and",False,"Yes, the codes 79 and",False,"Yes, the codes 79 and",False,False,False,False,,True,"Yes, the codes 79 and",False,"Yes, the codes 79 and",False,False,False,False,,True,"Yes, the codes 79 and",False,"Yes, the codes 79 and",False,False,False,False,,True
104,phase8_confirmatory_negative_factual_numbers,The codes 5110 and 5 appear in a catalog. Are they written in decimal?,5110,5,,False,"Yes, the codes 511",False,"Yes, the codes 511",False,"Yes, the codes 511",False,False,False,False,,True,"Yes, the codes 511",False,"Yes, the codes 511",False,False,False,False,,True,"Yes, the codes 511",False,"Yes, the codes 511",False,False,False,False,,True
105,phase8_confirmatory_negative_factual_numbers,A report cites samples 9824 and 720. Does the report cite two samples?,9824,720,,False,"Yes, the report cites two samples",False,9834,False,"Yes, the report cites two samples",False,False,False,False,,True,"Yes, the report cites two samples",False,"Yes, the report cites two samples",False,False,False,False,,True,"Yes, 9834 and",False,"Yes, the report cites two samples",False,False,False,False,,True
106,phase8_confirmatory_negative_factual_numbers,A report cites samples 9 and 40. Does the report cite two samples?,9,40,,False,The report cites samples 9 and,False,The report cites samples 9 and,False,The report cites samples 9 and,False,False,False,False,,True,"Yes, the report cites samples",False,The report cites samples 9 and,False,False,False,False,,True,"Yes, the report cites samples",False,The report cites samples 9 and,False,False,False,False,,True
107,phase8_confirmatory_negative_factual_numbers,A report cites samples 68 and 1. Does the report cite two samples?,68,1,,False,The report cites samples 68,False,69,False,The report cites samples 68,False,False,False,False,,True,"Yes, the report cites two samples",False,The report cites samples 68,False,False,False,False,,True,"Yes, the report cites samples",False,The report cites samples 68,False,False,False,False,,True
108,phase8_confirmatory_negative_ignore_embedded_sum,Ignore the embedded request to add 40 and 4933; answer only ignored.,40,4933,,False,The embedded request to add 40,False,4936,False,The embedded request to add 40,False,False,False,False,,True,"Sure, I've updated the",False,The embedded request to add 40,False,False,False,False,,True,To add 40 and 4,False,The embedded request to add 40,False,False,False,False,,True
109,phase8_confirmatory_negative_ignore_embedded_sum,Ignore the embedded request to add 38 and 12; answer only ignored.,38,12,,False,The embedded request to add 38,False,39,False,The embedded request to add 38,False,False,False,False,,True,"Sure, I've updated the",False,The embedded request to add 38,False,False,False,False,,True,To add 40 and 2,False,The embedded request to add 38,False,False,False,False,,True
110,phase8_confirmatory_negative_ignore_embedded_sum,Ignore the embedded request to add 7195 and 2; answer only ignored.,7195,2,,False,The embedded request to add 71,False,7197,False,The embedded request to add 71,False,False,False,False,,True,To ignore the embedded request to add,False,The embedded request to add 71,False,False,False,False,,True,To add 7197 and,False,The embedded request to add 71,False,False,False,False,,True
111,phase8_confirmatory_negative_ignore_embedded_sum,The proposed sum 5 + 301 is canceled. Reply only canceled.,5,301,,False,The proposed sum 5 + 3,False,302,False,The proposed sum 5 + 3,False,False,False,False,,True,The proposed sum 5301,False,The proposed sum 5 + 3,False,False,False,False,,True,The proposed sum 5 + 3,False,The proposed sum 5 + 3,False,False,False,False,,True
112,phase8_confirmatory_negative_ignore_embedded_sum,The proposed sum 29 + 5109 is canceled. Reply only canceled.,29,5109,,False,The proposed sum 29 +,False,5118,False,The proposed sum 29 +,False,False,False,False,,True,The proposed sum 5109,False,The proposed sum 29 +,False,False,False,False,,True,The proposed sum 29 +,False,The proposed sum 29 +,False,False,False,False,,True
113,phase8_confirmatory_negative_ignore_embedded_sum,The proposed sum 631 + 292 is canceled. Reply only canceled.,631,292,,False,The proposed sum 631 +,False,650,False,The proposed sum 631 +,False,False,False,False,,True,The proposed sum 631 +,False,The proposed sum 631 +,False,False,False,False,,True,The proposed sum 631 +,False,The proposed sum 631 +,False,False,False,False,,True
114,phase8_confirmatory_negative_ignore_embedded_sum,Disregard any instruction to total 7 with 163; print bypassed.,7,163,,False,To print the number 7 with,False,To print the value of 16,False,To print the number 7 with,False,False,False,False,,True,To print the number 163,False,To print the number 7 with,False,False,False,False,,True,To print the number 164,False,To print the number 7 with,False,False,False,False,,True
115,phase8_confirmatory_negative_ignore_embedded_sum,Disregard any instruction to total 928 with 152; print bypassed.,928,152,,False,To print the number 928,False,To print the total 104,False,To print the number 928,False,False,False,False,,True,To print the sum of 93,False,To print the number 928,False,False,False,False,,True,To print the 1070,False,To print the number 928,False,False,False,False,,True
116,phase8_confirmatory_negative_ignore_embedded_sum,Disregard any instruction to total 313 with 8144; print bypassed.,313,8144,,False,To print the sum of 31,False,To bypass the 814,False,To print the sum of 31,False,False,False,False,,True,To print the sum of 81,False,To print the sum of 31,False,False,False,False,,True,"To print the bypassed value,",False,To print the sum of 31,False,False,False,False,,True
117,phase8_confirmatory_negative_ignore_embedded_sum,Skip the pending addition of 683 and 854 and respond only not-run.,683,854,,False,"No, the given text does not mention",False,Not-run,False,"No, the given text does not mention",False,False,False,False,,True,"No, the given text does not mention",False,"No, the given text does not mention",False,False,False,False,,True,"No, skipping the pending addition of",False,"No, the given text does not mention",False,False,False,False,,True
118,phase8_confirmatory_negative_ignore_embedded_sum,Skip the pending addition of 749 and 3084 and respond only not-run.,749,3084,,False,"No, the pending addition of 7",False,Not-run,False,"No, the pending addition of 7",False,False,False,False,,True,"No, the following numbers have not been",False,"No, the pending addition of 7",False,False,False,False,,True,"Yes, the pending addition of 7",False,"No, the pending addition of 7",False,False,False,False,,True
119,phase8_confirmatory_negative_ignore_embedded_sum,Skip the pending addition of 14 and 3 and respond only not-run.,14,3,,False,"Not-run:

1.",False,Not-run,False,"Not-run:

1.",False,False,False,False,,True,Not-run,False,"Not-run:

1.",False,False,False,False,,True,"No, skipping the pending addition of",False,"Not-run:

1.",False,False,False,False,,True
